{"__type__":"cc.AnimationClip","_name":"float","_duration":1.2833333333333334,"wrapMode":2,"curveData":{"props":{"y":[],"angle":[{"frame":0,"value":0,"curve":[0.008781362007168494,-0.013620071684587787,0.5879928315412186,0.9956989247311827]},{"frame":0.38333333333333336,"value":-2,"curve":[0.39856630824372763,-0.00017921146953403522,0.5969534050179212,0.9956989247311827]},{"frame":0.9,"value":2,"curve":[0.4075268817204301,-0.00465949820788536,0.9867383512544803,0.9956989247311825]},{"frame":1.2833333333333334,"value":0}]}}}