{"__type__":"cc.AnimationClip","_name":"long_flip","_duration":0.4666666666666667,"curveData":{"paths":{"answer_button2_whatisthis":{"props":{"scale":[{"frame":0.16666666666666666,"value":{"__type__":"cc.Vec2","x":1,"y":1},"curve":[-0.011624649859943954,-0.022128851540616168,1.0046218487394958,-0.007282913165266081]},{"frame":0.3333333333333333,"value":{"__type__":"cc.Vec2","x":1}}]}},"flip_button2_whatisthis":{"props":{"scale":[{"frame":0.3333333333333333,"value":{"__type__":"cc.Vec2","x":1},"curve":[0.009383753501400584,0.0023809523809523725,0.003221288515406218,0.9976190476190476]},{"frame":0.4666666666666667,"value":{"__type__":"cc.Vec2","x":1,"y":1}}]}}}}}